-- phpMyAdmin SQL Dump
-- version 4.6.4
-- https://www.phpmyadmin.net/
--
-- Host: localhost
-- Generation Time: Oct 10, 2019 at 04:34 AM
-- Server version: 5.7.15-log
-- PHP Version: 5.6.26

SET SQL_MODE = "NO_AUTO_VALUE_ON_ZERO";
SET time_zone = "+00:00";


/*!40101 SET @OLD_CHARACTER_SET_CLIENT=@@CHARACTER_SET_CLIENT */;
/*!40101 SET @OLD_CHARACTER_SET_RESULTS=@@CHARACTER_SET_RESULTS */;
/*!40101 SET @OLD_COLLATION_CONNECTION=@@COLLATION_CONNECTION */;
/*!40101 SET NAMES utf8mb4 */;

--
-- Database: `ahdbassessmentahdb`
--

-- --------------------------------------------------------

--
-- Table structure for table `assessment`
--

CREATE TABLE `assessment` (
  `assessment_id` int(11) NOT NULL,
  `create_date` timestamp NULL DEFAULT NULL,
  `inspetion_detail` varchar(250) DEFAULT NULL,
  `user_id` int(11) DEFAULT NULL,
  `assessment_detail` varchar(250) DEFAULT NULL,
  `inspection_id` int(11) DEFAULT NULL,
  `criterion_total` varchar(3) DEFAULT NULL
) ENGINE=InnoDB DEFAULT CHARSET=utf8;

--
-- Dumping data for table `assessment`
--

INSERT INTO `assessment` (`assessment_id`, `create_date`, `inspetion_detail`, `user_id`, `assessment_detail`, `inspection_id`, `criterion_total`) VALUES
(1, '2019-08-22 17:00:00', 'A', 2, 'bbbb', 1, '2'),
(2, '2019-08-22 17:00:00', 'A', 2, 'sssss', 1, '0'),
(3, '2019-08-23 17:00:00', 'โรคซึมเศร้า', 2, 'มีอาการโรค ซึมเศร้าระดับน้อย', 2, '9'),
(4, '2019-08-23 17:00:00', 'โรคข้อเข่าเสื่อม', 2, 'มีโอกาสที่จะเป็นโรคข้อเข่าเสื่อม', 3, '5'),
(5, '2019-08-24 17:00:00', 'ภาวะกลั้นปัสสาวะ', 2, 'มีโอกาสที่จะเป็นภาวะกลั้นปัสสาวะ', 4, '1'),
(6, '2019-08-24 17:00:00', 'โรคซึมเศร้า', 4, 'มีอาการโรค ซึมเศร้าระดับปานกลาง', 2, '17'),
(7, '2019-08-25 17:00:00', 'โรคซึมเศร้า', 2, 'มีอาการโรค ซึมเศร้าระดับปานกลาง', 2, '16'),
(8, '2019-08-25 17:00:00', 'โรคซึมเศร้า', 2, 'มีอาการโรค ซึมเศร้าระดับปานกลาง', 2, '18'),
(9, '2019-08-30 17:00:00', 'โรคซึมเศร้า', 2, 'มีอาการโรค ซึมเศร้าระดับปานกลาง', 2, '18'),
(10, '2019-08-30 17:00:00', 'โรคซึมเศร้า', 2, 'มีอาการโรค ซึมเศร้าระดับน้อย', 2, '9'),
(11, '2019-08-30 17:00:00', 'โรคซึมเศร้า', 2, 'มีอาการโรค ซึมเศร้าระดับปานกลาง', 2, '16'),
(12, '2019-08-30 17:00:00', 'โรคซึมเศร้า', 8, 'มีอาการโรค ซึมเศร้าระดับปานกลาง', 2, '15'),
(13, '2019-08-30 17:00:00', 'โรคซึมเศร้า', 8, 'มีอาการโรค ซึมเศร้าระดับรุนแรง', 2, '21'),
(14, '2019-09-05 17:00:00', 'ความสามารถในการทำกิจวัตรประจำวัน', 2, 'ผู้สูงอายุที่ดูแลตนเองได้บ้าง ช่วยเหลือตนเองได้บ้าง (กลุ่มติดบ้าน)', 6, '10'),
(15, '2019-09-05 17:00:00', 'ภาวะกลั้นปัสสาวะ', 40, 'มีโอกาสที่จะเป็นภาวะกลั้นปัสสาวะ', 4, '1'),
(16, '2019-09-05 17:00:00', 'ความสามารถในการดำเนินชีวิตประจำวัน (ADL)', 2, 'ผู้สูงอายุกลุ่มที่ 2 (กลุ่มติดบ้าน) ดูแลตนเองได้บ้าง', 6, '11'),
(17, '2019-09-09 07:41:49', 'โรคซึมเศร้า', 2, 'มีอาการโรค ซึมเศร้าระดับรุนแรง', 2, '15'),
(18, '2019-09-09 07:50:27', 'ภาวะกลั้นปัสสาวะ', 2, 'มีโอกาสที่จะเป็นภาวะกลั้นปัสสาวะ ควรพบแพทย์ตรวจวินิจฉัยเพื่อยืนยันผลและทำการรักษา', 4, '1'),
(19, '2019-09-09 07:52:56', 'โรคซึมเศร้า', 41, 'มีอาการโรค ซึมเศร้าระดับรุนแรง', 2, '0'),
(20, '2019-09-09 07:53:27', 'โรคซึมเศร้า', 41, 'มีอาการโรค ซึมเศร้าระดับรุนแรง', 2, '0'),
(21, '2019-09-09 07:58:36', 'โรคซึมเศร้า', 41, 'ไม่มีอาการโรค ซึมเศร้า ', 2, '0'),
(22, '2019-09-09 07:58:56', 'โรคซึมเศร้า', 41, 'มีอาการโรค ซึมเศร้าระดับปานกลาง', 2, '18'),
(23, '2019-09-09 08:06:54', 'ความสามารถในการดำเนินชีวิตประจำวัน (ADL)', 41, 'ผู้สูงอายุกลุ่มที่ 1 (กลุ่มติดสังคม) พึ่งตนเองได้ ช่วยเหลือผู้อื่น ชุมชน และสังคมได้', 6, '20'),
(24, '2019-09-09 08:08:27', 'โรคซึมเศร้า', 8, 'มีอาการโรค ซึมเศร้าระดับน้อย', 2, '9'),
(25, '2019-09-09 08:10:24', 'โรคซึมเศร้า', 44, 'มีอาการโรค ซึมเศร้าระดับปานกลาง', 2, '18'),
(26, '2019-09-09 08:15:40', 'โรคซึมเศร้า', 42, 'ไม่มีอาการโรค ซึมเศร้า ', 2, '0'),
(27, '2019-09-09 09:30:39', 'โรคซึมเศร้า', 45, 'ไม่มีอาการโรค ซึมเศร้า ', 2, '0'),
(28, '2019-09-09 10:29:35', 'ความสามารถในการดำเนินชีวิตประจำวัน (ADL)', 44, 'ผู้สูงอายุกลุ่มที่ 1 (กลุ่มติดสังคม) พึ่งตนเองได้ ช่วยเหลือผู้อื่น ชุมชน และสังคมได้', 6, '20'),
(29, '2019-09-09 10:31:05', 'ความสามารถในการดำเนินชีวิตประจำวัน (ADL)', 2, 'ผู้สูงอายุกลุ่มที่ 3 (กลุ่มติดเตียง) พึ่งตนเองไม่ได้ ช่วยเหลือตนเองไม่ได้ พิการหรือทุพพลภาพ', 6, '0'),
(30, '2019-09-09 10:31:49', 'ความสามารถในการดำเนินชีวิตประจำวัน (ADL)', 2, 'ผู้สูงอายุกลุ่มที่ 1 (กลุ่มติดสังคม) พึ่งตนเองได้ ช่วยเหลือผู้อื่น ชุมชน และสังคมได้', 6, '14'),
(31, '2019-09-09 10:39:22', 'ความสามารถในการดำเนินชีวิตประจำวัน (ADL)', 2, 'ผู้สูงอายุกลุ่มที่ 1 (กลุ่มติดสังคม) พึ่งตนเองได้ ช่วยเหลือผู้อื่น ชุมชน และสังคมได้', 6, '16'),
(32, '2019-09-12 18:01:27', 'โรคซึมเศร้า', 48, 'มีอาการโรค ซึมเศร้าระดับรุนแรง คำแนะนำ ควรพบแพทย์ตรวจวินิจฉัยเพื่อยืนยันผลและทำการรักษา', 2, '27'),
(33, '2019-09-13 04:07:32', 'โรคซึมเศร้า', 42, 'มีอาการโรค ซึมเศร้าระดับรุนแรง คำแนะนำ ควรพบแพทย์ตรวจวินิจฉัยเพื่อยืนยันผลและทำการรักษา', 2, '27'),
(34, '2019-09-13 04:08:28', 'โรคข้อเข่าเสื่อม', 42, 'ยังไม่พบอาการผิดปกติ คำแนะนำ ควรตรวจร่างกายเป็นประจำทุกปี', 3, '48'),
(35, '2019-09-13 04:10:16', 'โรคข้อเข่าเสื่อม', 42, 'เริ่มมีอาการข้อเข่าเสื่อม คำแนะนำ ใช้ความร้อนประคบรอบเข่า ลดอาการปวด เกร็ง', 3, '36'),
(36, '2019-09-13 04:11:32', 'โรคข้อเข่าเสื่อม', 42, 'มีอาการโรคข้อเข่าเสื่อมระดับปานกลาง คำแนะนำ ใช้สนับเข่า เพื่อกระชับ ลดอาการปวด', 3, '24'),
(37, '2019-09-13 04:12:03', 'ภาวะกลั้นปัสสาวะ', 42, 'มีโอกาสที่จะเป็นภาวะกลั้นปัสสาวะ ควรพบแพทย์ตรวจวินิจฉัยเพื่อยืนยันผลและทำการรักษา', 4, '1'),
(38, '2019-09-13 04:12:32', 'ความสามารถในการดำเนินชีวิตประจำวัน (ADL)', 42, 'ผู้สูงอายุกลุ่มที่ 1 (กลุ่มติดสังคม) พึ่งตนเองได้ ช่วยเหลือผู้อื่น ชุมชน และสังคมได้', 6, '20'),
(39, '2019-09-13 04:15:27', 'โรคซึมเศร้า', 4, 'ไม่มีอาการโรค ซึมเศร้า ', 2, '0'),
(40, '2019-09-13 04:16:16', 'โรคซึมเศร้า', 4, 'มีอาการโรค ซึมเศร้าระดับน้อย คำแนะนำ', 2, '9'),
(41, '2019-09-13 04:17:04', 'โรคข้อเข่าเสื่อม', 4, 'ยังไม่พบอาการผิดปกติ คำแนะนำ ควรตรวจร่างกายเป็นประจำทุกปี', 3, '48'),
(42, '2019-09-13 04:18:42', 'ความสามารถในการดำเนินชีวิตประจำวัน (ADL)', 4, 'ผู้สูงอายุกลุ่มที่ 3 (กลุ่มติดเตียง) พึ่งตนเองไม่ได้ ช่วยเหลือตนเองไม่ได้ พิการหรือทุพพลภาพ', 6, '0'),
(43, '2019-09-13 04:19:16', 'ความสามารถในการดำเนินชีวิตประจำวัน (ADL)', 4, 'ผู้สูงอายุกลุ่มที่ 2 (กลุ่มติดบ้าน) ดูแลตนเองได้บ้าง', 6, '7'),
(44, '2019-09-13 04:21:03', 'โรคซึมเศร้า', 4, 'มีอาการโรค ซึมเศร้าระดับปานกลาง คำแนะนำ', 2, '18'),
(45, '2019-09-13 04:23:11', 'โรคซึมเศร้า', 4, 'มีอาการโรค ซึมเศร้าระดับปานกลาง คำแนะนำ', 2, '18'),
(46, '2019-09-13 07:30:08', 'โรคซึมเศร้า', 2, 'มีอาการโรค ซึมเศร้าระดับรุนแรง คำแนะนำ ควรพบแพทย์ตรวจวินิจฉัยเพื่อยืนยันผลและทำการรักษา', 2, '27'),
(47, '2019-09-13 07:33:29', 'โรคข้อเข่าเสื่อม', 2, 'เริ่มมีอาการข้อเข่าเสื่อม คำแนะนำ ใช้ความร้อนประคบรอบเข่า ลดอาการปวด เกร็ง', 3, '36'),
(48, '2019-09-19 15:10:02', 'โรคซึมเศร้า', 41, 'มีอาการโรค ซึมเศร้าระดับรุนแรง คำแนะนำ ควรพบแพทย์ตรวจวินิจฉัยเพื่อยืนยันผลและทำการรักษา', 2, '22'),
(49, '2019-09-19 15:32:10', 'ความสามารถในการดำเนินชีวิตประจำวัน (ADL)', 41, 'ผู้สูงอายุกลุ่มที่ 2 (กลุ่มติดบ้าน) ดูแลตนเองได้บ้าง', 6, '9'),
(50, '2019-09-19 15:40:22', 'ความสามารถในการดำเนินชีวิตประจำวัน (ADL)', 41, 'ผู้สูงอายุกลุ่มที่ 1 (กลุ่มติดสังคม) พึ่งตนเองได้ ช่วยเหลือผู้อื่น ชุมชน และสังคมได้', 6, '20'),
(51, '2019-09-19 15:45:22', 'ความสามารถในการดำเนินชีวิตประจำวัน (ADL)', 2, 'ผู้สูงอายุกลุ่มที่ 1 (กลุ่มติดสังคม) พึ่งตนเองได้ ช่วยเหลือผู้อื่น ชุมชน และสังคมได้', 6, '19'),
(52, '2019-09-19 15:48:37', 'โรคข้อเข่าเสื่อม', 2, 'ยังไม่พบอาการผิดปกติ คำแนะนำ ควรตรวจร่างกายเป็นประจำทุกปี', 3, '48'),
(53, '2019-09-19 15:49:07', 'ความสามารถในการดำเนินชีวิตประจำวัน (ADL)', 2, 'ผู้สูงอายุกลุ่มที่ 2 (กลุ่มติดบ้าน) ดูแลตนเองได้บ้าง', 6, '11'),
(54, '2019-09-19 15:51:14', 'ความสามารถในการดำเนินชีวิตประจำวัน (ADL)', 2, 'ผู้สูงอายุกลุ่มที่ 3 (กลุ่มติดเตียง) พึ่งตนเองไม่ได้ ช่วยเหลือตนเองไม่ได้ พิการหรือทุพพลภาพ', 6, '0'),
(55, '2019-09-19 15:52:50', 'ความสามารถในการดำเนินชีวิตประจำวัน (ADL)', 2, 'ผู้สูงอายุกลุ่มที่ 2 (กลุ่มติดบ้าน) ดูแลตนเองได้บ้าง', 6, '8'),
(56, '2019-09-27 07:35:40', 'โรคซึมเศร้า', 2, 'มีอาการโรค ซึมเศร้าระดับรุนแรง คำแนะนำ ควรพบแพทย์ตรวจวินิจฉัยเพื่อยืนยันผลและทำการรักษา', 2, '27'),
(57, '2019-09-27 07:47:16', 'โรคข้อเข่าเสื่อม', 2, 'ยังไม่พบอาการผิดปกติ คำแนะนำ ควรตรวจร่างกายเป็นประจำทุกปี', 3, '48'),
(58, '2019-10-07 04:10:24', 'ความสามารถในการดำเนินชีวิตประจำวัน (ADL)', 2, 'ผู้สูงอายุกลุ่มที่ 1 (กลุ่มติดสังคม) พึ่งตนเองได้ ช่วยเหลือผู้อื่น ชุมชน และสังคมได้', 6, '20'),
(59, '2019-10-08 05:23:05', 'โรคซึมเศร้า', 4, 'มีอาการโรค ซึมเศร้าระดับรุนแรง คำแนะนำ ควรพบแพทย์ตรวจวินิจฉัยเพื่อยืนยันผลและทำการรักษา', 2, '27'),
(60, '2019-10-08 05:31:55', 'ความสามารถในการดำเนินชีวิตประจำวัน (ADL)', 5, 'ผู้สูงอายุกลุ่มที่ 1 (กลุ่มติดสังคม) พึ่งตนเองได้ ช่วยเหลือผู้อื่น ชุมชน และสังคมได้', 6, '20'),
(61, '2019-10-08 05:58:56', 'ความสามารถในการดำเนินชีวิตประจำวัน (ADL)', 6, 'ผู้สูงอายุกลุ่มที่ 2 (กลุ่มติดบ้าน) ดูแลตนเองได้บ้าง', 6, '11'),
(62, '2019-10-08 06:04:03', 'ความสามารถในการดำเนินชีวิตประจำวัน (ADL)', 2, 'ผู้สูงอายุกลุ่มที่ 1 (กลุ่มติดสังคม) พึ่งตนเองได้ ช่วยเหลือผู้อื่น ชุมชน และสังคมได้', 6, '20'),
(63, '2019-10-08 06:06:00', 'ความสามารถในการดำเนินชีวิตประจำวัน (ADL)', 7, 'ผู้สูงอายุกลุ่มที่ 1 (กลุ่มติดสังคม) พึ่งตนเองได้ ช่วยเหลือผู้อื่น ชุมชน และสังคมได้', 6, '20'),
(64, '2019-10-09 07:31:09', 'ความสามารถในการดำเนินชีวิตประจำวัน (ADL)', 5, 'ผู้สูงอายุกลุ่มที่ 1 (กลุ่มติดสังคม) พึ่งตนเองได้ ช่วยเหลือผู้อื่น ชุมชน และสังคมได้', 6, '20');

-- --------------------------------------------------------

--
-- Table structure for table `choice`
--

CREATE TABLE `choice` (
  `choice_id` int(11) NOT NULL,
  `choice_name` varchar(100) DEFAULT NULL,
  `choice_criterion` varchar(30) DEFAULT NULL,
  `question_id` int(11) DEFAULT NULL,
  `status` varchar(1) DEFAULT NULL
) ENGINE=InnoDB DEFAULT CHARSET=utf8;

--
-- Dumping data for table `choice`
--

INSERT INTO `choice` (`choice_id`, `choice_name`, `choice_criterion`, `question_id`, `status`) VALUES
(1, 'A', '1', 1, 'A'),
(2, 'B', '0', 1, 'A'),
(3, 'A', '1', 2, 'A'),
(4, 'B', '0', 2, 'A'),
(5, 'A', '1', 3, 'A'),
(6, 'B', '0', 3, 'A'),
(7, 'ไม่มีเลย ', '0', 4, 'A'),
(8, 'เป็นบางวัน', '1', 4, 'A'),
(9, 'เป็นบ่อย ', '2', 4, 'A'),
(10, 'เป็นทุกวัน ', '3', 4, 'A'),
(11, 'ไม่มีเลย', '0', 5, 'A'),
(12, 'เป็นบางวัน', '1', 5, 'A'),
(13, 'เป็นบ่อย ', '2', 5, 'A'),
(14, 'เป็นทุกวัน', '3', 5, 'A'),
(15, 'ไม่มีเลย', '0', 6, 'A'),
(16, 'เป็นบางวัน', '1', 6, 'A'),
(17, 'เป็นบ่อย', '2', 6, 'A'),
(18, 'เป็นทุกวัน', '3', 6, 'A'),
(19, 'ไม่มีเลย', '0', 7, 'A'),
(20, 'เป็นบางวัน', '1', 7, 'A'),
(21, 'เป็นบ่อย', '2', 7, 'A'),
(22, 'เป็นทุกวัน', '3', 7, 'A'),
(23, 'ไม่มีเลย', '0', 8, 'A'),
(24, 'เป็นบางวัน', '1', 8, 'A'),
(25, 'เป็นบ่อย', '2', 8, 'A'),
(26, 'เป็นทุกวัน', '3', 8, 'A'),
(27, 'ไม่มีเลย', '0', 9, 'A'),
(28, 'เป็นบางวัน', '1', 9, 'A'),
(29, 'เป็นบ่อย ', '2', 9, 'A'),
(30, 'เป็นทุกวัน', '3', 9, 'A'),
(31, 'ไม่มีเลย', '0', 10, 'A'),
(32, 'เป็นบางวัน', '1', 10, 'A'),
(33, 'เป็นบ่อย', '2', 10, 'A'),
(34, 'เป็นทุกวัน', '3', 10, 'A'),
(35, 'ไม่มีเลย', '0', 11, 'A'),
(36, 'เป็นบางวัน', '1', 11, 'A'),
(37, 'เป็นบ่อย', '2', 11, 'A'),
(38, 'เป็นทุกวัน', '3', 11, 'A'),
(39, 'ไม่มีเลย', '0', 12, 'A'),
(40, 'เป็นบางวัน', '1', 12, 'A'),
(41, 'เป็นบ่อย', '2', 12, 'A'),
(42, 'เป็นทุกวัน', '3', 12, 'A'),
(43, 'ๅๅ', '1', 13, 'A'),
(44, '1', '1', 13, 'A'),
(45, '1', '1', 14, 'I'),
(46, '1', '1', 14, 'I'),
(47, '1', '1', 14, 'A'),
(48, '1', '1', 14, 'A'),
(49, 'ไม่ใช่', '0', 15, 'A'),
(50, 'ใช่', '1', 15, 'A'),
(51, 'ไม่ใช่', '0', 16, 'A'),
(52, 'ใช่', '1', 16, 'A'),
(53, 'ไม่ใช่', '0', 17, 'A'),
(54, 'ใช่', '1', 17, 'A'),
(55, 'ไม่ใช่', '0', 18, 'A'),
(56, 'ใช่', '1', 18, 'A'),
(57, 'ไม่ใช่', '0', 19, 'A'),
(58, 'ใช่', '1', 19, 'A'),
(59, 'ไม่มี', '0', 20, 'I'),
(60, 'มี', '1', 20, 'I'),
(61, 'ทำได้เอง', '2', 21, 'I'),
(62, 'ทำเองได้บ้างแต่ต้องมีคนช่วย', '1', 21, 'I'),
(63, 'ทำไม่ได้', '0', 21, 'I'),
(64, 'ทำได้เอง', '1', 22, 'I'),
(65, 'ต้องการความช่วยเหลือ', '0', 22, 'I'),
(66, 'ทำไม่ได้', '0', 23, 'I'),
(67, 'ต้องการความช่วยเหลืออย่างมาก', '1', 23, 'I'),
(68, 'ต้องการความช่วยเหลือบ้าง', '2', 23, 'I'),
(69, 'ทำได้เอง', '3', 23, 'I'),
(70, 'ช่วยตัวเองไม่ได้', '0', 24, 'I'),
(71, 'ทำเองได้บ้าง', '1', 24, 'I'),
(72, 'ช่วยเหลือตัวเองได้ดี', '2', 24, 'I'),
(73, 'เคลื่อนที่ไปไหนไม่ได้', '0', 25, 'I'),
(74, 'ต้องใช้รถเข็นแต่ไม่ต้องช่วย', '1', 25, 'I'),
(75, 'เดินได้ต้องมีคนช่วยพยุง', '2', 25, 'I'),
(76, 'เดินได้เอง', '3', 25, 'I'),
(77, 'ต้องมีคนสวมใส่ให้', '0', 26, 'I'),
(78, 'ช่วยตัวเองได้ประมาณครึ่งหนึ่งที่เหลือต้องช่วย', '1', 26, 'I'),
(79, 'ทำได้เอง', '2', 26, 'I'),
(80, 'ไม่สามารถทำได้', '0', 27, 'I'),
(81, 'ต้องการคนช่วย', '1', 27, 'I'),
(82, 'ขึ้นลงได้เองถ้าใช้เครื่องช่วยจะต้องเอาขึ้นลงได้ด้วย', '2', 27, 'I'),
(83, 'ต้องมีคนช่วยหรือทำให้', '0', 28, 'I'),
(84, 'อาบน้ำเองได้', '1', 28, 'I'),
(85, 'กลั้นไม่ได้', '0', 29, 'I'),
(86, 'กลั้นไม่ได้บางครั้ง เป็นน้อยกว่า 1 ครั้งต่อสัปดาห์', '1', 29, 'I'),
(87, 'กลั้นได้ปกติ', '2', 29, 'I'),
(88, 'กลั้นไม่ได้', '0', 30, 'I'),
(89, 'กลั้นไม่ได้บางครั้ง เป็นน้อยกว่าวันละ 1 ครั้ง', '1', 30, 'I'),
(90, 'กลั้นได้เป็นปกติ', '2', 30, 'I'),
(91, '11', '1', 31, 'I'),
(92, '111', '1', 31, 'I'),
(93, '2', '2', 32, 'A'),
(94, '2', '2', 32, 'A'),
(95, '3', '3', 33, 'A'),
(96, '3', '3', 33, 'A'),
(97, '11', '1', 31, 'A'),
(98, '111', '1', 31, 'A'),
(99, '1', '1', 34, 'A'),
(100, '1', '1', 34, 'A'),
(101, '1', '1', 35, 'A'),
(102, '1', '1', 35, 'A'),
(103, 'a', '1', 36, 'A'),
(104, 'a', '1', 36, 'A'),
(105, 'b', '2', 37, 'A'),
(106, 'b', '2', 37, 'A'),
(107, 'ตักอาหารและช่วยตัวเองได้เป็นปกติ', '2', 21, 'A'),
(108, 'ตักอาหารเองได้ แต่ต้องมีคนช่วย เช่น ช่วยใช้ช้อนตักเตรียมไว้ให้หรือตัดเป็นชิ้นเล็ก ๆ ไว้ล่วงหน้า', '1', 21, 'A'),
(109, 'ไม่สามารถตักอาหารเข้าปากได้', '0', 21, 'A'),
(110, 'ทำได้เอง (รวมทั้งที่ทำได้เอง ถ้าเตรียมอุปกรณ์ไว้ให้)', '1', 22, 'A'),
(111, 'ต้องการความช่วยเหลือ', '0', 22, 'A'),
(112, 'ทำได้เอง', '3', 23, 'A'),
(113, 'ต้องการความช่วยเหลือบ้าง', '2', 23, 'A'),
(114, 'ต้องการความช่วยเหลืออย่างมากจึงจะนั่งได้ ', '1', 23, 'A'),
(115, 'ไม่สามารถนั่งได้ (นั่งแล้วจะล้มเสมอ) หรือต้องใช้คนสองคนช่วยกันยกขึ้น', '0', 23, 'A'),
(116, 'ช่วยเหลือตัวเองได้ดี', '2', 24, 'A'),
(117, 'ทำเองได้บ้าง', '1', 24, 'A'),
(118, 'ช่วยตัวเองไม่ได้', '0', 24, 'A'),
(119, 'เดินหรือเคลื่อนที่ได้เอง', '3', 25, 'I'),
(120, 'เดินหรือเคลื่อนที่โดยมีคนช่วย', '2', 25, 'I'),
(121, 'ต้องใช้รถเข็นช่วยตัวเองให้เคลื่อนที่ได้เอง', '1', 25, 'I'),
(122, 'เคลื่อนที่ไปไหนไม่ได้', '0', 25, 'I'),
(123, 'ช่วยตัวเองได้ดี', '2', 26, 'I'),
(124, 'ช่วยตัวเองได้ประมาณร้อยละ 50 ที่เหลือต้องมีคนช่วย', '1', 26, 'I'),
(125, 'ต้องมีคนสวมใส่ให้ช่วยตัวเองแทบไม่ได้หรือได้น้อย', '0', 26, 'I'),
(126, 'ขึ้นลงได้เอง (ถ้าต้องใช้เครื่องช่วยเดิน เช่น walker จะต้องเอาขึ้นลงได้ด้วย)', '2', 27, 'A'),
(127, 'ต้องการคนช่วย', '1', 27, 'A'),
(128, 'ไม่สามารถทำได้', '0', 27, 'A'),
(129, 'อาบน้ำเองได้', '1', 28, 'A'),
(130, 'ต้องมีคนช่วยหรือทำให้', '0', 28, 'A'),
(131, 'กลั้นได้เป็นปกติ', '2', 29, 'A'),
(132, 'กลั้นไม่ได้บางครั้ง (ไม่เกิน 1 ครั้งต่อสัปดาห์)', '1', 29, 'A'),
(133, 'กลั้นไม่ได้ หรือต้องการการสวนอุจจาระอยู่เสมอ', '0', 29, 'A'),
(134, 'กลั้นได้เป็นปกติ', '2', 30, 'I'),
(135, 'กลั้นไม่ได้บางครั้ง (ไม่เกินวันละ 1 ครั้ง)', '1', 30, 'I'),
(136, 'กลั้นไม่ได้ หรือใช้าสายสวนปัสสาวะแต่ไม่สามารถดูแลเองได้', '0', 30, 'I'),
(137, 'กลั้นได้เป็นปกติ', '2', 30, 'A'),
(138, 'กลั้นไม่ได้บางครั้ง (ไม่เกินวันละ 1 ครั้ง)', '1', 30, 'A'),
(139, 'กลั้นไม่ได้ หรือใช้สายสวนปัสสาวะแต่ไม่สามารถดูแลเองได้', '0', 30, 'A'),
(142, 'เดินหรือเคลื่อนที่ได้เอง', '3', 25, 'A'),
(143, 'เดินหรือเคลื่อนที่โดยมีคนช่วย เช่น พยุงหรือบอกให้ทำตามหรือต้องให้ความสนใจดูแลเพื่อความปลอดภัย', '2', 25, 'A'),
(144, 'ต้องใช้รถเข็นช่วยตัวเองให้เคลื่อนที่ได้เอง (ไม่ต้องมีคนเข็นให้) และจะต้องเข้าออกมุมห้องหรือประตูได้', '1', 25, 'A'),
(145, 'เคลื่อนที่ไปไหนไม่ได้', '0', 25, 'A'),
(146, 'ช่วยตัวเองได้ดี (รวมทั้งการติดกระดุม รูดซิป หรือใช้เสื้อผ้าที่ดัดแปลงให้เหมาะสมก็ได้)', '2', 26, 'A'),
(147, 'ช่วยตัวเองได้ประมาณร้อยละ 50 ที่เหลือต้องมีคนช่วย', '1', 26, 'A'),
(148, 'ต้องมีคนสวมใส่ให้ช่วยตัวเองแทบไม่ได้หรือได้น้อย', '0', 26, 'A'),
(149, 'ไม่มีอาการ', '4', 38, 'A'),
(150, 'อาการปวดลึก ๆ ที่เข่าเล็กน้อย เพราะเวลาขยับตัวหรืออยู่ในบางท่าเท่านั้น', '3', 38, 'A'),
(151, 'หลังใช้งานนาน อาการปวดเข่ามากขึ้น พักแล้วดีขึ้น เป็น ๆ หาย ๆ', '2', 38, 'A'),
(152, 'อาการปวดเข่าเพิ่มมากขึ้น ปวดนานขึ้น', '1', 38, 'A'),
(153, 'อยู่เฉย ๆ ก็ปวดมาก ขยับไม่ได้', '0', 38, 'A'),
(154, 'ไม่มีปัญหา', '4', 39, 'A'),
(155, 'มีอาการปวดเข่า/ข้อเข่าฝืดตึงขัดเล็กน้อย แต่ไม่มาก', '3', 39, 'A'),
(156, 'มีอาการปวดเข่า/ข้อเข่าฝืดตึงเล็กน้อย บ่อยครั้ง', '2', 39, 'A'),
(157, 'เริ่มมีปัญหาทำด้วยความยากลำบาก', '1', 39, 'A'),
(158, 'ไม่สามารถทำได้', '0', 39, 'A'),
(159, 'ไม่มีอาการใด ๆ', '4', 40, 'A'),
(160, 'มีอาการปวดเข่า/ข้อเข่าฝืดตึงขัดเล็กน้อย แต่ไม่มาก', '3', 40, 'A'),
(161, 'มีอาการปวดเข่า/ข้อเข่าฝืดก้าวขึ้นลงได้ช้ากว่าปกติ', '2', 40, 'A'),
(162, 'มีอาการปวดเข่ามาก/ข้อเข่าฝืด ก้าวขึ้นลงด้วยความยากลำบาก', '1', 40, 'A'),
(163, 'ไม่สามารถทำได้', '0', 40, 'A'),
(164, 'เดินได้เกิน 1 ชั่วโมง โดยไม่มีอาการอะไร', '4', 41, 'A'),
(165, 'เดินได้ 6-60 นาที เริ่มมีอาการปวด', '3', 41, 'A'),
(166, 'เดินได้เพียง 5-15 นาที เริ่มมีอาการปวด', '2', 41, 'A'),
(167, 'เดินได้แค่รอบบ้านเท่านั้น เริ่มมีอาการปวด', '1', 41, 'A'),
(168, 'ทำไม่ได้และเดินไม่ไหว', '0', 41, 'A'),
(169, 'ไม่มีอาการ', '4', 42, 'A'),
(170, 'มีอาการปวดเข้า/ข้อเข่าฝืดเล็กน้อย', '3', 42, 'A'),
(171, 'มีอาการปวดเข้า/ข้อเข่าฝืดปานกลาง', '2', 42, 'A'),
(172, 'มีอาการปวดเข่ามาก/ข้อเข่าฝืด ลุกขึ้นยืนได้ด้วยความยากลำบาก', '1', 42, 'A'),
(173, 'ปวดมากไม่สามารถลุกขึ้นได้', '0', 42, 'A'),
(174, 'ไม่เคย', '4', 43, 'A'),
(175, 'ในช่วง 2-3 ก้าวแรกที่เดินออกเท่านั้น', '3', 43, 'A'),
(176, 'เป็นบางครั้ง', '2', 43, 'A'),
(177, 'เป็นส่วนใหญ่', '1', 43, 'A'),
(178, 'ตลอดเวลา', '0', 43, 'A'),
(179, 'ลุกได้ง่าย', '4', 44, 'A'),
(180, 'ลุกได้ ลำบากเล็กน้อย', '3', 44, 'A'),
(181, 'ลุกได้แต่ยากขึ้น', '2', 44, 'A'),
(182, 'ลุกได้แต่ยากลำบากมาก', '1', 44, 'A'),
(183, 'ลุกไม่ไหว', '0', 44, 'A'),
(184, 'ไม่เคย', '4', 45, 'A'),
(185, 'ใน 1 เดือนมี 1-2 ครั้ง', '3', 45, 'A'),
(186, 'บางคืน', '2', 45, 'A'),
(187, 'ส่วนมาก', '1', 45, 'A'),
(188, 'ทุกคืน', '0', 45, 'A'),
(189, 'ไม่มี', '4', 46, 'A'),
(190, 'น้อยมาก', '3', 46, 'A'),
(191, 'บางครั้ง', '2', 46, 'A'),
(192, 'ส่วนมาก', '1', 46, 'A'),
(193, 'ตลอดเวลา', '0', 46, 'A'),
(194, 'ไม่เคย', '4', 47, 'A'),
(195, 'ในช่วงแรกที่ก้าวเดินเท่านั้น', '3', 47, 'A'),
(196, 'บางครั้ง', '2', 47, 'A'),
(197, 'ส่วนมาก', '1', 47, 'A'),
(198, 'ตลอดเวลา', '0', 47, 'A'),
(199, 'ได้เป็นปกติ', '4', 48, 'A'),
(200, 'ไปได้ เริ่มมีอาการปวดเข่า/ตึงเข่าเล็กน้อย', '3', 48, 'A'),
(201, 'ไปได้ เริ่มมีอาการปวดเข่า/ตึงเข่ามากขึ้น', '2', 48, 'A'),
(202, 'พอไปได้ แต่ด้วยความยากลำบากมาก', '1', 48, 'A'),
(203, 'ไปไม่ไหว', '0', 48, 'A'),
(204, 'เดินลงได้ เป็นปกติ', '4', 49, 'I'),
(205, 'เดินลงได้ เริ่มมีอาการปวดเข่า/ตึงเข่าเล็กน้อย', '3', 49, 'I'),
(206, 'เดินลงได้ เริ่มมีอาการปวดเข่า/ตึงเข่ามากขึ้น', '2', 49, 'I'),
(207, 'เดินลงได้ด้วยความยากลำบาก', '1', 49, 'I'),
(208, 'เดินลงไม่ได้', '0', 49, 'I'),
(209, 'เดินลงได้ เป็นปกติ', '4', 49, 'A'),
(210, 'เดินลงได้ เริ่มมีอาการปวดเข่า/ตึงเข่าเล็กน้อย', '3', 49, 'A'),
(211, 'เดินลงได้ เริ่มมีอาการปวดเข่า/ตึงเข่ามากขึ้น', '2', 49, 'A'),
(212, 'เดินลงได้ด้วยความยากลำบาก', '1', 49, 'A'),
(213, 'เดินลงไม่ได้', '0', 49, 'A'),
(214, 'มี', '1', 20, 'A'),
(215, 'ไม่มี', '0', 20, 'A'),
(216, 'aa', '0', 50, 'A'),
(217, 'aaa', '1', 50, 'A'),
(218, 'bb', '0', 51, 'A'),
(219, 'bbb', '1', 51, 'A'),
(220, 'ฟฟ', '1', 52, 'I'),
(221, 'ฟฟฟ', '0', 52, 'I'),
(222, 'ฟฟ', '1', 52, 'A'),
(223, 'ฟฟฟ', '0', 52, 'A'),
(224, 'aa', '0', 53, 'A'),
(225, 'aa11', '1', 53, 'A');

-- --------------------------------------------------------

--
-- Table structure for table `criterion`
--

CREATE TABLE `criterion` (
  `criterion_id` int(11) NOT NULL,
  `criterion_start` int(8) DEFAULT NULL,
  `criterion_end` int(8) DEFAULT NULL,
  `criterion_detail` varchar(100) DEFAULT NULL,
  `inspection_id` int(11) DEFAULT NULL,
  `status` varchar(1) DEFAULT NULL
) ENGINE=InnoDB DEFAULT CHARSET=utf8;

--
-- Dumping data for table `criterion`
--

INSERT INTO `criterion` (`criterion_id`, `criterion_start`, `criterion_end`, `criterion_detail`, `inspection_id`, `status`) VALUES
(1, 0, 1, 'sssss', 1, 'I'),
(2, 2, 3, 'bbbb', 1, 'I'),
(3, 0, 1, 'sssss', 1, 'I'),
(4, 2, 3, 'bbbb', 1, 'I'),
(5, 4, 5, 'zzz', 1, 'I'),
(6, 0, 1, 'sssss', 1, 'A'),
(7, 2, 3, 'bbbb', 1, 'A'),
(8, 4, 5, 'zzz', 1, 'A'),
(9, 0, 6, 'ไม่มีอาการโรค ซึมเศร้า ', 2, 'I'),
(10, 7, 12, 'มีอาการโรค ซึมเศร้าระดับน้อย', 2, 'I'),
(11, 13, 18, 'มีอาการโรค ซึมเศร้าระดับปานกลาง', 2, 'I'),
(12, 19, 27, 'มีอาการโรค ซึมเศร้าระดับรุนแรง', 2, 'I'),
(13, 0, 6, 'ไม่มีอาการโรค ซึมเศร้า ', 2, 'I'),
(14, 7, 12, 'มีอาการโรค ซึมเศร้าระดับน้อย', 2, 'I'),
(15, 13, 18, 'มีอาการโรค ซึมเศร้าระดับปานกลาง', 2, 'I'),
(16, 19, 27, 'มีอาการโรค ซึมเศร้าระดับรุนแรง', 2, 'I'),
(17, 28, 30, 'กก', 2, 'I'),
(18, 0, 6, 'ไม่มีอาการโรค ซึมเศร้า ', 2, 'I'),
(19, 7, 12, 'มีอาการโรค ซึมเศร้าระดับน้อย', 2, 'I'),
(20, 13, 18, 'มีอาการโรค ซึมเศร้าระดับปานกลาง', 2, 'I'),
(21, 19, 27, 'มีอาการโรค ซึมเศร้าระดับรุนแรง', 2, 'I'),
(22, 0, 1, 'ไม่เป็นโรคข้อเข่าเสื่อม', 3, 'I'),
(23, 2, 5, 'มีโอกาสที่จะเป็นโรคข้อเข่าเสื่อม', 3, 'I'),
(24, 0, 0, 'ไม่เป็นภาวะกลั้นปัสสาวะ', 4, 'I'),
(25, 1, 1, 'มีโอกาสที่จะเป็นภาวะกลั้นปัสสาวะ', 4, 'I'),
(26, 0, 4, 'ผู้สูงอายุกลุ่มที่พึ่งตนเองไม่ได้ ช่วยเหลือตนเองไม่ได้ พิการ หรือทุพพลภาพ (กลุ่มติดเตียง)', 6, 'I'),
(27, 5, 11, 'ผู้สูงอายุที่ดูแลตนเองได้บ้าง ช่วยเหลือตนเองได้บ้าง (กลุ่มติดบ้าน)', 6, 'I'),
(28, 12, 20, 'ผู้สูงอายุที่พึ่งตนเองได้ ช่วยเหลือผู้อื่น ชุมชนและสังคมได้ (กลุ่มติดสังคม)', 6, 'I'),
(29, 1, 2, 'ww', 11, 'A'),
(30, 1, 4, 'ff', 12, 'A'),
(31, 5, 7, 'fe', 12, 'A'),
(32, 0, 4, 'ผู้สูงอายุกลุ่มที่ 3 (กลุ่มติดเตียง) พึ่งตนเองไม่ได้ ช่วยเหลือตนเองไม่ได้ พิการหรือทุพพลภาพ', 6, 'I'),
(33, 5, 11, 'ผู้สูงอายุกลุ่มที่ 2 (กลุ่มติดบ้าน) ดูแลตนเองได้บ้าง', 6, 'I'),
(34, 12, 20, 'ผู้สูงอายุกลุ่มที่ 1 (กลุ่มติดสังคม) พึ่งตนเองได้ ช่วยเหลือผู้อื่น ชุมชน และสังคมได้', 6, 'I'),
(35, 0, 19, 'เป็นโรคข้อเข่าเสื่อมระดับรุนแรง ควรรับการรักษาจากศัลยแพทย์ผู้เชียวชาญกระดูกและข้อทันที', 3, 'I'),
(36, 20, 29, 'มีอาการโรคข้อเข่าเสื่อมระดับปานกลาง ควรปรึกษาศัลยแพทย์ผู้เชียวชาญกระดูกและข้อเพื่อรับการตรวจรักษา', 3, 'I'),
(37, 30, 39, 'เริ่มมีอาการข้อเข่าเสื่อม ควรได้รับคำแนะนำจากบุคลากรทางการแพทย์และการทำกิจกรรมอย่างเหมาะสม', 3, 'I'),
(38, 40, 48, 'ยังไม่พบอาการผิดปกติ ควรตรวจร่างกายเป็นประจำทุกปี', 3, 'I'),
(39, 0, 0, 'ไม่เป็นภาวะกลั้นปัสสาวะ', 4, 'I'),
(40, 1, 1, 'มีโอกาสที่จะเป็นภาวะกลั้นปัสสาวะ ควรพบแพทย์ตรวจวินิจฉัยเพื่อยืนยันผลและทำการรักษา', 4, 'I'),
(41, 12, 20, 'ผู้สูงอายุกลุ่มที่ 1 (กลุ่มติดสังคม) พึ่งตนเองได้ ช่วยเหลือผู้อื่น ชุมชน และสังคมได้', 6, 'I'),
(42, 5, 11, 'ผู้สูงอายุกลุ่มที่ 2 (กลุ่มติดบ้าน) ดูแลตนเองได้บ้าง', 6, 'I'),
(43, 0, 4, 'ผู้สูงอายุกลุ่มที่ 3 (กลุ่มติดเตียง) พึ่งตนเองไม่ได้ ช่วยเหลือตนเองไม่ได้ พิการหรือทุพพลภาพ', 6, 'I'),
(47, 19, 27, 'มีอาการโรค ซึมเศร้าระดับรุนแรง กกกกกกก', 2, 'I'),
(48, 13, 18, 'มีอาการโรค ซึมเศร้าระดับปานกลาง', 2, 'I'),
(49, 7, 12, 'มีอาการโรค ซึมเศร้าระดับน้อย', 2, 'I'),
(50, 0, 6, 'ไม่มีอาการโรค ซึมเศร้า ', 2, 'I'),
(52, 19, 27, 'มีอาการโรค ซึมเศร้าระดับรุนแรง', 2, 'I'),
(53, 13, 18, 'มีอาการโรค ซึมเศร้าระดับปานกลาง', 2, 'I'),
(54, 7, 12, 'มีอาการโรค ซึมเศร้าระดับน้อย', 2, 'I'),
(55, 0, 6, 'ไม่มีอาการโรค ซึมเศร้า ', 2, 'I'),
(56, 40, 48, 'ยังไม่พบอาการผิดปกติ ควรตรวจร่างกายเป็นประจำทุกปี', 3, 'I'),
(57, 30, 39, 'เริ่มมีอาการข้อเข่าเสื่อม คำแนะนำ ใช้ความร้อนประคบรอบเข่า ลดอาการปวด เกร็ง', 3, 'I'),
(58, 20, 29, 'มีอาการโรคข้อเข่าเสื่อมระดับปานกลาง ควรปรึกษาศัลยแพทย์ผู้เชียวชาญกระดูกและข้อเพื่อรับการตรวจรักษา', 3, 'I'),
(59, 0, 19, 'เป็นโรคข้อเข่าเสื่อมระดับรุนแรง ควรรับการรักษาจากศัลยแพทย์ผู้เชียวชาญกระดูกและข้อทันที', 3, 'I'),
(60, 40, 48, 'ยังไม่พบอาการผิดปกติ ควรตรวจร่างกายเป็นประจำทุกปี', 3, 'I'),
(61, 30, 39, 'เริ่มมีอาการข้อเข่าเสื่อม คำแนะนำ ใช้ความร้อนประคบรอบเข่า ลดอาการปวด เกร็ง', 3, 'I'),
(62, 20, 29, 'มีอาการโรคข้อเข่าเสื่อมระดับปานกลาง ใช้สนับเข่า เพื่อกระชับ ลดอาการปวด', 3, 'I'),
(63, 0, 19, 'เป็นโรคข้อเข่าเสื่อมระดับรุนแรง ควรรับการรักษาจากศัลยแพทย์ผู้เชียวชาญกระดูกและข้อทันที', 3, 'I'),
(64, 40, 48, 'ยังไม่พบอาการผิดปกติ ควรตรวจร่างกายเป็นประจำทุกปี', 3, 'I'),
(65, 30, 39, 'เริ่มมีอาการข้อเข่าเสื่อม คำแนะนำ ใช้ความร้อนประคบรอบเข่า ลดอาการปวด เกร็ง', 3, 'I'),
(66, 20, 29, 'มีอาการโรคข้อเข่าเสื่อมระดับปานกลาง คำแนะนำ ใช้สนับเข่า เพื่อกระชับ ลดอาการปวด', 3, 'I'),
(67, 0, 19, 'เป็นโรคข้อเข่าเสื่อมระดับรุนแรง ควรรับการรักษาจากศัลยแพทย์ผู้เชียวชาญกระดูกและข้อทันที', 3, 'I'),
(68, 40, 48, 'ยังไม่พบอาการผิดปกติ ควรตรวจร่างกายเป็นประจำทุกปี', 3, 'I'),
(69, 30, 39, 'เริ่มมีอาการข้อเข่าเสื่อม คำแนะนำ ใช้ความร้อนประคบรอบเข่า ลดอาการปวด เกร็ง', 3, 'I'),
(70, 20, 29, 'มีอาการโรคข้อเข่าเสื่อมระดับปานกลาง คำแนะนำ ใช้สนับเข่า เพื่อกระชับ ลดอาการปวด', 3, 'I'),
(71, 0, 19, 'เป็นโรคข้อเข่าเสื่อมระดับรุนแรง ควรรับการรักษาจากศัลยแพทย์ผู้เชียวชาญกระดูกและข้อทันที', 3, 'I'),
(72, 19, 27, 'มีอาการโรค ซึมเศร้าระดับรุนแรง คำแนะนำ ควรพบแพทย์ตรวจวินิจฉัยเพื่อยืนยันผลและทำการรักษา', 2, 'I'),
(73, 13, 18, 'มีอาการโรค ซึมเศร้าระดับปานกลาง', 2, 'I'),
(74, 7, 12, 'มีอาการโรค ซึมเศร้าระดับน้อย', 2, 'I'),
(75, 0, 6, 'ไม่มีอาการโรค ซึมเศร้า ', 2, 'I'),
(76, 40, 48, 'ยังไม่พบอาการผิดปกติ คำแนะนำ ควรตรวจร่างกายเป็นประจำทุกปี', 3, 'A'),
(77, 30, 39, 'เริ่มมีอาการข้อเข่าเสื่อม คำแนะนำ ใช้ความร้อนประคบรอบเข่า ลดอาการปวด เกร็ง', 3, 'A'),
(78, 20, 29, 'มีอาการโรคข้อเข่าเสื่อมระดับปานกลาง คำแนะนำ ใช้สนับเข่า เพื่อกระชับ ลดอาการปวด', 3, 'A'),
(79, 0, 19, 'เป็นโรคข้อเข่าเสื่อมระดับรุนแรง คำแนะนำ ควรรับการรักษาจากศัลยแพทย์ผู้เชียวชาญกระดูกและข้อทันที', 3, 'A'),
(80, 19, 27, 'มีอาการโรค ซึมเศร้าระดับรุนแรง คำแนะนำ ควรพบแพทย์ตรวจวินิจฉัยเพื่อยืนยันผลและทำการรักษา', 2, 'I'),
(81, 13, 18, 'มีอาการโรค ซึมเศร้าระดับปานกลาง คำแนะนำ', 2, 'I'),
(82, 7, 12, 'มีอาการโรค ซึมเศร้าระดับน้อย คำแนะนำ', 2, 'I'),
(83, 0, 6, 'ไม่มีอาการโรค ซึมเศร้า ', 2, 'I'),
(84, 19, 27, 'มีอาการโรค ซึมเศร้าระดับรุนแรง คำแนะนำ ควรพบแพทย์ตรวจวินิจฉัยเพื่อยืนยันผลและทำการรักษา', 2, 'I'),
(85, 13, 18, 'มีอาการโรค ซึมเศร้าระดับปานกลาง คำแนะนำ', 2, 'I'),
(86, 7, 12, 'มีอาการโรค ซึมเศร้าระดับน้อย คำแนะนำ ควรหากิจกรรมงานอดิเรกที่ทำแล้วเพลิดเพลินจิตใจ', 2, 'I'),
(87, 0, 6, 'ไม่มีอาการโรค ซึมเศร้า ', 2, 'I'),
(88, 19, 27, 'มีอาการโรค ซึมเศร้าระดับรุนแรง คำแนะนำ ควรพบแพทย์ตรวจวินิจฉัยเพื่อยืนยันผลและทำการรักษา', 2, 'I'),
(89, 13, 18, 'มีอาการโรค ซึมเศร้าระดับปานกลาง คำแนะนำ พบปะสังสรรค์กับบุคคลอื่นเพื่อพูดคุยกันหรือปรับทุกข์กัน', 2, 'I'),
(90, 7, 12, 'มีอาการโรค ซึมเศร้าระดับน้อย คำแนะนำ ควรหากิจกรรมงานอดิเรกที่ทำแล้วเพลิดเพลินจิตใจ', 2, 'I'),
(91, 0, 6, 'ไม่มีอาการโรค ซึมเศร้า ', 2, 'I'),
(92, 19, 27, 'มีอาการโรค ซึมเศร้าระดับรุนแรง คำแนะนำ ควรพบแพทย์ตรวจวินิจฉัยเพื่อยืนยันผลและทำการรักษา', 2, 'I'),
(93, 13, 18, 'มีอาการโรค ซึมเศร้าระดับปานกลาง คำแนะนำ พบปะสังสรรค์กับบุคคลอื่นเพื่อพูดคุยกันหรือปรับทุกข์กัน', 2, 'I'),
(94, 7, 12, 'มีอาการโรค ซึมเศร้าระดับน้อย คำแนะนำ ควรหากิจกรรมงานอดิเรกที่ทำแล้วเพลิดเพลินจิตใจ', 2, 'I'),
(95, 0, 6, 'ไม่มีอาการโรค ซึมเศร้า ', 2, 'I'),
(96, 1, 1, 'มีโอกาสที่จะเป็นภาวะกลั้นปัสสาวะ คำแนะนำ ควรพบแพทย์ตรวจวินิจฉัยเพื่อยืนยันผลและทำการรักษา', 4, 'I'),
(97, 0, 0, 'ไม่เป็นภาวะกลั้นปัสสาวะ', 4, 'I'),
(98, 1, 1, 'มีโอกาสที่จะเป็นภาวะกลั้นปัสสาวะ คำแนะนำ ควรพบแพทย์ตรวจวินิจฉัยเพื่อยืนยันผลและทำการรักษา', 4, 'I'),
(99, 0, 0, 'ไม่เป็นภาวะกลั้นปัสสาวะ', 4, 'I'),
(100, 1, 1, 'มีโอกาสที่จะเป็นภาวะกลั้นปัสสาวะ คำแนะนำ ควรพบแพทย์ตรวจวินิจฉัยเพื่อยืนยันผลและทำการรักษา', 4, 'A'),
(101, 0, 0, 'ไม่เป็นภาวะกลั้นปัสสาวะ', 4, 'A'),
(102, 12, 20, 'ผู้สูงอายุกลุ่มที่ 1 (กลุ่มติดสังคม) พึ่งตนเองได้ ช่วยเหลือผู้อื่น ชุมชน และสังคมได้', 6, 'A'),
(103, 5, 11, 'ผู้สูงอายุกลุ่มที่ 2 (กลุ่มติดบ้าน) ดูแลตนเองได้บ้าง', 6, 'A'),
(104, 0, 4, 'ผู้สูงอายุกลุ่มที่ 3 (กลุ่มติดเตียง) พึ่งตนเองไม่ได้ ช่วยเหลือตนเองไม่ได้ พิการหรือทุพพลภาพ', 6, 'A'),
(105, 19, 27, 'มีอาการโรค ซึมเศร้าระดับรุนแรง คำแนะนำ ควรพบแพทย์ตรวจวินิจฉัยเพื่อยืนยันผลและทำการรักษา', 2, 'A'),
(106, 13, 18, 'มีอาการโรค ซึมเศร้าระดับปานกลาง คำแนะนำ พบปะสังสรรค์กับบุคคลอื่นเพื่อพูดคุยกันหรือปรับทุกข์กัน', 2, 'A'),
(107, 7, 12, 'มีอาการโรค ซึมเศร้าระดับน้อย คำแนะนำ ควรหากิจกรรมงานอดิเรกที่ทำแล้วเพลิดเพลินจิตใจ', 2, 'A'),
(108, 0, 6, 'ไม่มีอาการโรค ซึมเศร้า ', 2, 'A');

-- --------------------------------------------------------

--
-- Table structure for table `inspection`
--

CREATE TABLE `inspection` (
  `inspection_id` int(11) NOT NULL,
  `inspection_name` varchar(100) DEFAULT NULL,
  `status` varchar(1) DEFAULT NULL
) ENGINE=InnoDB DEFAULT CHARSET=utf8;

--
-- Dumping data for table `inspection`
--

INSERT INTO `inspection` (`inspection_id`, `inspection_name`, `status`) VALUES
(1, 'A', 'I'),
(2, 'โรคซึมเศร้า', 'A'),
(3, 'โรคข้อเข่าเสื่อม', 'A'),
(4, 'ภาวะกลั้นปัสสาวะ', 'A'),
(5, 'ภาวะโภชนาการ', 'I'),
(6, 'ความสามารถในการดำเนินชีวิตประจำวัน (ADL)', 'A'),
(7, '11133', 'I'),
(8, '1111', 'I'),
(9, '2222', 'I'),
(10, '11', 'I'),
(11, '22', 'I'),
(12, '11', 'I'),
(13, 'aa', 'I'),
(14, 'fhjen', 'I'),
(15, 'rr', 'I'),
(16, 'aaa1', 'I'),
(17, 'ฟฟ', 'I'),
(18, 'ฟฟฟฟ', 'I'),
(19, 'วิจิตรา', 'I'),
(20, 'aa', 'I');

-- --------------------------------------------------------

--
-- Table structure for table `menu_main`
--

CREATE TABLE `menu_main` (
  `menu_id` int(11) NOT NULL,
  `menu_name_en` varchar(100) DEFAULT NULL,
  `menu_name_th` varchar(100) DEFAULT NULL,
  `menu_url` varchar(100) DEFAULT NULL,
  `order_no` varchar(2) DEFAULT NULL,
  `role` varchar(1) DEFAULT NULL
) ENGINE=InnoDB DEFAULT CHARSET=utf8;

--
-- Dumping data for table `menu_main`
--

INSERT INTO `menu_main` (`menu_id`, `menu_name_en`, `menu_name_th`, `menu_url`, `order_no`, `role`) VALUES
(1, 'จัดการข้อมูลผู้สูงอายุ', 'จัดการข้อมูลผู้สูงอายุ', NULL, '1', '1'),
(2, 'จัดการข้อมูลบุคลากร', 'จัดการข้อมูลบุคลากร', NULL, '2', '1'),
(4, 'จัดการข้อมูลโรค', 'จัดการข้อมูลโรค', NULL, '3', '1'),
(5, 'ประเมินโรค', 'ประเมินโรค', '/form-assess/assess-disease', '2', '2'),
(6, 'แก้ไขข้อมูลส่วนตัว', 'แก้ไขข้อมูลส่วนตัว', '/form-elderly/add-elderly', '1', '2'),
(7, 'ประวัติผลการประเมิน', 'ประวัติผลการประเมิน', '/form-assess/report-all', '4', '1'),
(8, 'ประวัติผลการประเมิน', 'ประวัติผลการประเมิน', '/form-assess/report-all', '3', '3'),
(10, 'จัดการข้อมูลผู้สูงอายุ', 'จัดการข้อมูลผู้สูงอายุ', NULL, '1', '3'),
(11, 'จัดการข้อมูลโรค', 'จัดการข้อมูลโรค', NULL, '2', '3'),
(12, 'ประวัติผลการประเมิน', 'ประวัติผลการประเมิน', '/form-assess/report', '3', '2');

-- --------------------------------------------------------

--
-- Table structure for table `menu_sub`
--

CREATE TABLE `menu_sub` (
  `menu_sub_id` int(11) NOT NULL,
  `menu_sub_name_th` varchar(100) DEFAULT NULL,
  `menu_sub_name_en` varchar(100) DEFAULT NULL,
  `menu_sub_url` varchar(100) DEFAULT NULL,
  `menu_id` varchar(2) DEFAULT NULL,
  `order_no` int(2) DEFAULT NULL
) ENGINE=InnoDB DEFAULT CHARSET=utf8;

--
-- Dumping data for table `menu_sub`
--

INSERT INTO `menu_sub` (`menu_sub_id`, `menu_sub_name_th`, `menu_sub_name_en`, `menu_sub_url`, `menu_id`, `order_no`) VALUES
(1, 'เพิ่มข้อมูลผู้สูงอายุ', 'เพิ่มข้อมูลผู้สูงอายุ', '/form-elderly/add-elderly', '1', 1),
(2, 'ข้อมูลผู้สูงอายุ', 'ข้อมูลผู้สูงอายุ', '/form-elderly/manage-elderly', '1', 2),
(3, 'เพิ่มข้อมูลบุคลากร', 'เพิ่มข้อมูลบุคลากร', '/form-personnel/add-personnel', '2', 1),
(4, 'ข้อมูลบุคลากร', 'ข้อมูลบุคลากร', '/form-personnel/manage-personnel', '2', 2),
(5, 'ข้อมูลโรค', 'ข้อมูลโรค', '/form-assess/manage-inspection', '4', 2),
(6, 'เพิ่มข้อมูลโรค', 'เพิ่มข้อมูลโรค', '/form-assess/add-inspection', '4', 1),
(7, 'เพิ่มข้อมูลผู้สูงอายุ', 'เพิ่มข้อมูลผู้สูงอายุ', '/form-elderly/add-elderly', '10', 1),
(8, 'ข้อมูลผู้สูงอายุ', 'ข้อมูลผู้สูงอายุ', '/form-elderly/manage-elderly', '10', 2),
(9, 'ข้อมูลโรค', 'ข้อมูลโรค', '/form-assess/manage-inspection', '11', 2),
(10, 'เพิ่มข้อมูลโรค', 'เพิ่มข้อมูลโรค', '/form-assess/add-inspection', '11', 1);

-- --------------------------------------------------------

--
-- Table structure for table `question`
--

CREATE TABLE `question` (
  `question_id` int(11) NOT NULL,
  `question_name` varchar(100) DEFAULT NULL,
  `inspection_id` int(11) DEFAULT NULL,
  `status` varchar(1) DEFAULT NULL
) ENGINE=InnoDB DEFAULT CHARSET=utf8;

--
-- Dumping data for table `question`
--

INSERT INTO `question` (`question_id`, `question_name`, `inspection_id`, `status`) VALUES
(1, 'A1', 1, 'A'),
(2, 'A2', 1, 'I'),
(3, 'A2', 1, 'A'),
(4, 'เบื่อ ไม่สนใจอยากทำอะไร', 2, 'A'),
(5, 'ไม่สบายใจ ซึมเศร้า ท้อแท้', 2, 'A'),
(6, 'หลับยากหรือหลับๆตื่นๆหรือหลับมากไป', 2, 'A'),
(7, 'เหนื่อยง่ายหรือไม่ค่อยมีแรง', 2, 'A'),
(8, 'เบื่ออาหารหรือกินมากเกินไป', 2, 'A'),
(9, 'รู้สึกไม่ดีกับตัวเอง คิดว่าตัวเองล้มเหลวหรือครอบครัวผิดหวัง', 2, 'A'),
(10, 'สมาธิไม่ดี เวลาทำอะไร เช่น ดูโทรทัศน์ ฟังวิทยุ หรือทำงานที่ต้องใช้ความตั้งใจ', 2, 'A'),
(11, 'พูดช้า ทำอะไรช้าลงจนคนอื่นสังเกตเห็นได้ หรือกระสับกระส่ายไม่สามารถอยู่นิ่งได้เหมือนที่เคยเป็น', 2, 'A'),
(12, 'คิดทำร้ายตนเอง หรือคิดว่าถ้าตายไปคงจะดี', 2, 'A'),
(13, 'ๅๅ', 2, 'I'),
(14, '1111', 2, 'I'),
(15, 'ข้อเข่าฝืดตึงหลังตื่นนอนตอนเช้านาน <30 นาที (Stiffness)', 3, 'I'),
(16, 'เสียงดังกรอบแกรบในข้อเข่าขณะเคลื่อนไหว (crepitus)', 3, 'I'),
(17, 'กดเจ็บที่กระดูกข้อเข่า (bony tenderness)', 3, 'I'),
(18, 'ข้อใหญ่ผิดรูป (bony enlargement)', 3, 'I'),
(19, 'ไม่พบข้ออุ่น (no palpable warmth)', 3, 'I'),
(20, 'ท่านมีภาวะ "ปัสสาวะเล็ด" หรือ "ปัสสาวะราด" จนทำให้เกิดปัญหาในการใช้ชีวิตประจำวัน', 4, 'A'),
(21, 'รับประทานอาหารเมื่อเตรียมสำรับไว้ให้เรียนร้อยต่อหน้า', 6, 'A'),
(22, 'ล้างหน้า หวีผม แปรงฟัน โกนหนวด ในระยะเวลา 24-48 ชั่วโมงที่ผ่านมา', 6, 'A'),
(23, 'ลุกนั่งจากที่นอน หรือจากเตียงไปยังเก้าอี้ ', 6, 'A'),
(24, 'การใช้ห้องน้ำ', 6, 'A'),
(25, 'การเคลื่อนที่ภายในห้องหรือบ้าน', 6, 'A'),
(26, 'การสวมใส่เสื้อผ้า', 6, 'A'),
(27, 'การขึ้นลงบันได 1 ชั้น ', 6, 'A'),
(28, 'การอาบน้ำ', 6, 'A'),
(29, 'การกลั้นการถ่ายอุจจาระในระยะ 1 สัปดาห์ที่ผ่าน', 6, 'A'),
(30, 'การกลั้นปัสสาวะในระยะ 1 สัปดาห์ที่ผ่าน', 6, 'A'),
(31, '11', 8, 'I'),
(32, '2', 8, 'I'),
(33, '3', 8, 'A'),
(34, '1', 11, 'A'),
(35, '1', 12, 'A'),
(36, 'a', 13, 'A'),
(37, 'b', 13, 'A'),
(38, 'ลักษณะอาการเจ็บปวดเข่าของท่าน', 3, 'A'),
(39, 'ท่านมีปัญหาเรื่องเข่าในการทำกิจวัตรประจำวันด้วนตนเองหรือไม่ เช่น การยืนอาบน้ำเป็นต้น', 3, 'A'),
(40, 'ท่านมีปัญหาเรื่องเข่า เมื่อก้าวขึ้นลงรถ หรือรถประจำทางหรือไม่', 3, 'A'),
(41, 'ระยะเวลานานเท่าไหร่ที่ท่านเดินได้มากที่สุดก่อนที่ท่านจะมีอาการปวดเข่า', 3, 'A'),
(42, 'หลังทานอาหารเสร็จ หลังจากที่ลุกจากเก้าอี้นั่ง เข่าของท่านมีอาการอย่างไร', 3, 'A'),
(43, 'ท่านต้องเดินโยกตัว (เดินกระโผลกกระเผลก) เพราะอาการที่เกิดขึ้นจากเข่าของท่านหรือไม่', 3, 'A'),
(44, 'ท่านสามารถนั่งลงคุกเข่าและลุกขึ้นได้หรือไม่', 3, 'A'),
(45, 'ท่านมีอาการปวดเข่าในขณะที่นอนกลางคืนหรือไม่', 3, 'A'),
(46, 'ในขณะที่คุณทำงาน/ทำงานบ้านท่านมีอาการปวดเข่าหรือไม่', 3, 'A'),
(47, 'ท่านเคยมีความรู้สึกว่าเข่าของท่านทรุดลงทันทีหรือหมดแรงทันทีจนตัวทรุดลง', 3, 'A'),
(48, 'ท่านสามารถไปซื้อของใช้ต่าง ๆ ได้ด้วยตัวท่านเอง', 3, 'A'),
(49, 'ท่านสามารถเดินลงบันไดได้หรือไม่', 3, 'A'),
(50, 'a', 16, 'A'),
(51, 'b', 16, 'A'),
(52, 'ฟ1', 19, 'A'),
(53, 'aa', 20, 'A');

-- --------------------------------------------------------

--
-- Table structure for table `user_acount`
--

CREATE TABLE `user_acount` (
  `user_id` int(11) NOT NULL,
  `username` varchar(30) NOT NULL,
  `password` varchar(30) DEFAULT NULL,
  `status` varchar(1) DEFAULT NULL,
  `role` varchar(1) DEFAULT NULL
) ENGINE=InnoDB DEFAULT CHARSET=utf8;

--
-- Dumping data for table `user_acount`
--

INSERT INTO `user_acount` (`user_id`, `username`, `password`, `status`, `role`) VALUES
(1, 'admin', 'admin', 'A', '1'),
(2, 'user', 'user', 'A', '2'),
(3, 'emp', 'emp', 'I', '3'),
(4, 'ทัศนีย์', '1234', 'A', '2'),
(5, 'เฉลา', '1234', 'A', '2'),
(6, 'ประจักษ์ ', '1234', 'A', '2'),
(7, 'บุปผา ', '1234', 'A', '2'),
(8, 'สมัย ', '1234', 'A', '2'),
(9, 'อุไร', '1234', 'A', '2'),
(10, 'วิลาวัลย์ ', '1234', 'A', '2'),
(11, 'กมลทิพย์ ', '1234', 'A', '2'),
(12, 'สายหยุด ', '1234', 'A', '2'),
(13, 'ประกิจ ', '1234', 'A', '2'),
(14, 'ไพฑูรย์', '1234', 'A', '2'),
(15, 'พวงชมพู ', '1234', 'A', '2'),
(16, '1', '1', 'I', '2'),
(17, '11', '11', 'I', '2'),
(18, 'looksorn', '1234', 'A', '3'),
(19, '11', '11', 'I', '2'),
(20, '11', '11', 'I', '2'),
(21, '123', '123', 'I', '2'),
(22, 'ศร', '1234', 'A', ''),
(23, '', '', 'I', '2'),
(25, '', '', 'I', '2'),
(26, '', '', 'I', '2'),
(27, '11', '11', 'I', '3'),
(28, '12', '12', 'I', '3'),
(29, '11', '11', 'I', '2'),
(30, '11', '11', 'I', '2'),
(31, '12', '12', 'I', '2'),
(32, '12', '12', 'I', '3'),
(33, '12', '12', 'I', '3'),
(34, '1111', '1111', 'I', '3'),
(35, '11', '11', 'I', '3'),
(36, '11', '11', 'I', '2'),
(37, '11111', '11111', 'I', '2'),
(38, '111', '111', 'I', '3'),
(39, '', '', 'I', '2'),
(40, 'tt', '1234', 'I', '2'),
(41, 'นิสา', '1234', 'A', '2'),
(42, 'วันดี', '1234', 'A', '2'),
(43, 'ทัศนี', '1234', 'A', '2'),
(44, 'พูนสุข', '1234', 'A', '2'),
(45, 'กก11', '1234', 'I', '2'),
(46, 'ศร', '1234', 'A', '3'),
(47, 'ฟฟฟฟ', 'ฟฟฟฟ', 'I', '2'),
(48, 'เจริญพร', '1234', 'A', '2'),
(49, 'วิจิตรา', '1234', 'A', '3');

-- --------------------------------------------------------

--
-- Table structure for table `user_profile`
--

CREATE TABLE `user_profile` (
  `profile_id` int(11) NOT NULL,
  `user_id` int(11) DEFAULT NULL,
  `title_name` varchar(50) DEFAULT NULL,
  `fert_name` varchar(50) DEFAULT NULL,
  `last_name` varchar(50) DEFAULT NULL,
  `age` varchar(3) DEFAULT NULL,
  `phone_no` varchar(10) DEFAULT NULL,
  `card_id` varchar(13) DEFAULT NULL,
  `img` longtext DEFAULT NULL,
  `address` varchar(250) DEFAULT NULL,
  `community` varchar(2) DEFAULT NULL,
  `lat` varchar(100) DEFAULT NULL,
  `lng` varchar(100) DEFAULT NULL
) ENGINE=InnoDB DEFAULT CHARSET=utf8;

--
-- Dumping data for table `user_profile`
--

INSERT INTO `user_profile` (`profile_id`, `user_id`, `title_name`, `fert_name`, `last_name`, `age`, `phone_no`, `card_id`, `img`, `address`, `community`, `lat`, `lng`) VALUES
(1, 1, '', 'Admin', NULL, NULL, NULL, NULL, NULL, NULL, NULL, NULL, NULL),
(2, 2, '3', 'วิจิตรา', 'นิกรรัมย์', '000', '0610434414', '1234567890123', NULL, '1 ม.1 ต.นางรอง อ.นางรอง จ.บุรีรัมย์ 31000', '18', '14.635035436595649', '102.79498202199545'),
(3, 3, '1', 'emp', 'emp', '000', '0', 'emp', NULL, '123', '', NULL, NULL),
(4, 4, '0', 'ทัศนีย์', 'พรหมบุตร', '000', '', '', NULL, '', '13', '14.630136651853661', '102.79838562011719'),
(5, 5, '0', 'เฉลา', 'โพธิ์ศรีคุณ', '000', '', '', NULL, '', '13', '14.646739359867393', '102.79075830374836'),
(6, 6, '0', 'ประจักษ์ ', 'แก้วอำไพ', '000', '', '', NULL, '', '6', '14.636738848907621', '102.82246112823486'),
(7, 7, '0', 'บุปผา ', 'โพธิ์ทอง', '000', '', '', NULL, '', '6', '14.636738848907621', '102.82246112823486'),
(8, 8, '0', 'สมัย ', 'ขวัญรัมย์', '000', '', '', NULL, '', '8', '14.627852826763675', '102.81799793243408'),
(9, 9, '0', 'อุไร', 'ปุยะติ', '000', '', '', NULL, '', '20', NULL, NULL),
(10, 10, '0', 'วิลาวัลย์ ', 'ธีรวิโรจน์', '000', '', '', NULL, '', '20', NULL, NULL),
(11, 11, '0', 'กมลทิพย์ ', 'เข็มทิศ', '000', '', '', NULL, '', '20', NULL, NULL),
(12, 12, '0', 'สายหยุด ', 'ชื่นจิตร', '000', '', '', NULL, '', '20', '14.624904581059983', '102.79237747192383'),
(13, 13, '0', 'ประกิจ ', 'โล่ห์นารายณ์', '000', '', '', NULL, '', '15', NULL, NULL),
(14, 14, '0', 'ไพฑูรย์', 'ดีสวาสดิ์', '000', '', '', NULL, '', '15', NULL, NULL),
(15, 15, '0', 'พวงชมพู ', 'ดีสวาสดิ์', '000', '', '', NULL, '', '15', NULL, NULL),
(16, 16, '0', '1', '1', '000', '', '', NULL, '', '', NULL, NULL),
(17, 17, '0', '11', '11', '000', '', '', NULL, '', '', NULL, NULL),
(18, 18, '3', 'วิจิตรา', 'นิกรรัมย์', '000', '', '', NULL, '', '', NULL, NULL),
(19, 19, '0', '11', '11', '000', '', '', NULL, '', '', NULL, NULL),
(20, 20, '0', '11', '11', '000', '', '', NULL, '', '', NULL, NULL),
(21, 21, '0', '123', '123', '000', '', '', NULL, '', '', NULL, NULL),
(22, 22, '3', 'ศร', 'สวยมาก', '000', '', '', NULL, '', '', NULL, NULL),
(25, 25, '0', '', '', '000', '', '', NULL, '', '', NULL, NULL),
(26, 26, '0', '', '', '000', '', '', NULL, '', '', NULL, NULL),
(27, 27, '0', '11', '11', '000', '', '', NULL, '', '', NULL, NULL),
(28, 28, '0', '12', '12', '000', '', '', NULL, '', '', NULL, NULL),
(29, 29, '0', '11', '11', '000', '', '', NULL, '', '', NULL, NULL),
(30, 30, '0', '11', '11', '000', '', '', NULL, '', '', NULL, NULL),
(31, 31, '0', '12', '12', '000', '', '', NULL, '', '', NULL, NULL),
(32, 32, '0', '12', '12', '000', '', '', NULL, '', '', NULL, NULL),
(33, 33, '0', '12', '12', '000', '', '', NULL, '', '', NULL, NULL),
(34, 34, '0', '1111', '1111', '000', '', '', NULL, '', '', NULL, NULL),
(35, 35, '0', '11', '11', '000', '', '', NULL, '', '', NULL, NULL),
(36, 36, '0', '11', '11', '000', '', '', NULL, '', '', NULL, NULL),
(37, 37, '0', '11111', '1111', '000', '', '', NULL, '', '', NULL, NULL),
(38, 38, '0', '11', '11', '000', '', '', NULL, '', '', NULL, NULL),
(39, 39, '0', 'dd', 'vg', '000', '', '', NULL, '', '', NULL, NULL),
(40, 40, '3', 'tt', 'tt', '000', '', '', NULL, '', '12', NULL, NULL),
(41, 41, '0', 'นิสา', 'ยินดีรส', '000', '', '', NULL, '', '1', '14.634071003889002', '102.80028462409973'),
(42, 42, '0', 'วันดี', 'วิภาตนาวิน', '000', '', '', NULL, '', '2', '14.633426', '102.794541'),
(43, 43, '0', 'ทัศนี', 'ศิริถาวรวงศ์', '000', '', '', NULL, '', '3', '14.630136651853661', '102.79838562011719'),
(44, 44, '0', 'พูนสุข', 'โค่นถอน', '000', '', '', NULL, '', '9', '14.625984224926212', '102.82825469970703'),
(45, 45, '0', 'กก', 'จจ', '000', '', '', NULL, '', '3', '14.630136651853661', '102.79838562011719'),
(46, 46, '3', 'ศร', 'ศร', '000', '', '', NULL, '', '', NULL, NULL),
(47, 47, '0', 'ฟฟฟ', 'ฟฟฟฟ', '000', '', '', NULL, '', '1', '14.634987269055555', '102.79960071751407'),
(48, 48, '0', 'เจริญพร', 'เครือบคนโท', '000', '', '', NULL, '', '9', '14.627494811289829', '102.82221761863457'),
(49, 49, '0', 'วิจิตรา', 'วิจิตรา', '000', '', '', NULL, '', '', NULL, NULL);

--
-- Indexes for dumped tables
--

--
-- Indexes for table `assessment`
--
ALTER TABLE `assessment`
  ADD PRIMARY KEY (`assessment_id`);

--
-- Indexes for table `choice`
--
ALTER TABLE `choice`
  ADD PRIMARY KEY (`choice_id`);

--
-- Indexes for table `criterion`
--
ALTER TABLE `criterion`
  ADD PRIMARY KEY (`criterion_id`);

--
-- Indexes for table `inspection`
--
ALTER TABLE `inspection`
  ADD PRIMARY KEY (`inspection_id`);

--
-- Indexes for table `menu_main`
--
ALTER TABLE `menu_main`
  ADD PRIMARY KEY (`menu_id`);

--
-- Indexes for table `menu_sub`
--
ALTER TABLE `menu_sub`
  ADD PRIMARY KEY (`menu_sub_id`);

--
-- Indexes for table `question`
--
ALTER TABLE `question`
  ADD PRIMARY KEY (`question_id`);

--
-- Indexes for table `user_acount`
--
ALTER TABLE `user_acount`
  ADD PRIMARY KEY (`user_id`);

--
-- Indexes for table `user_profile`
--
ALTER TABLE `user_profile`
  ADD PRIMARY KEY (`profile_id`);

--
-- AUTO_INCREMENT for dumped tables
--

--
-- AUTO_INCREMENT for table `assessment`
--
ALTER TABLE `assessment`
  MODIFY `assessment_id` int(11) NOT NULL AUTO_INCREMENT, AUTO_INCREMENT=65;
--
-- AUTO_INCREMENT for table `choice`
--
ALTER TABLE `choice`
  MODIFY `choice_id` int(11) NOT NULL AUTO_INCREMENT, AUTO_INCREMENT=226;
--
-- AUTO_INCREMENT for table `criterion`
--
ALTER TABLE `criterion`
  MODIFY `criterion_id` int(11) NOT NULL AUTO_INCREMENT, AUTO_INCREMENT=109;
--
-- AUTO_INCREMENT for table `inspection`
--
ALTER TABLE `inspection`
  MODIFY `inspection_id` int(11) NOT NULL AUTO_INCREMENT, AUTO_INCREMENT=21;
--
-- AUTO_INCREMENT for table `menu_main`
--
ALTER TABLE `menu_main`
  MODIFY `menu_id` int(11) NOT NULL AUTO_INCREMENT, AUTO_INCREMENT=13;
--
-- AUTO_INCREMENT for table `menu_sub`
--
ALTER TABLE `menu_sub`
  MODIFY `menu_sub_id` int(11) NOT NULL AUTO_INCREMENT, AUTO_INCREMENT=11;
--
-- AUTO_INCREMENT for table `question`
--
ALTER TABLE `question`
  MODIFY `question_id` int(11) NOT NULL AUTO_INCREMENT, AUTO_INCREMENT=54;
--
-- AUTO_INCREMENT for table `user_acount`
--
ALTER TABLE `user_acount`
  MODIFY `user_id` int(11) NOT NULL AUTO_INCREMENT, AUTO_INCREMENT=50;
--
-- AUTO_INCREMENT for table `user_profile`
--
ALTER TABLE `user_profile`
  MODIFY `profile_id` int(11) NOT NULL AUTO_INCREMENT, AUTO_INCREMENT=50;
/*!40101 SET CHARACTER_SET_CLIENT=@OLD_CHARACTER_SET_CLIENT */;
/*!40101 SET CHARACTER_SET_RESULTS=@OLD_CHARACTER_SET_RESULTS */;
/*!40101 SET COLLATION_CONNECTION=@OLD_COLLATION_CONNECTION */;
assessmentassessment